sequence,prediction_probability
FLWWLFKWAWK,0.9985368
FAKLAKKALAKLL,0.99999523
GLFDIVKKIAGHIAGSI,0.9995403
VNFKKLLGKLLKVVK,0.9994906
WKKIPKFLHLLKKF,0.99947387
EQCGRQAGGKLCPNNLCCSQYGWCGSSDDYCSPSKNCQSNCKGGG,0.8511175
EADEPLWLYKGDNIERAPTTADHPILPSIIDDVKLDPNRRYA,0.5653433
FVGLAKVAAHVVPAIAEHF,0.9997714
FAKLLAKLAKKFAL,0.9999975
ARSYGNGVYCNNKKCWVNRGEATQSIIGGMISGWASGLAGM,0.926795
KWKLFKKIGIGAFLHSAKKF,0.99883276
GIGKFLHSAKKWGKAFVGQIMNC,0.7872789
PAWRKAFRWAWRMLKKAA,0.9997079
FAKLLAKALKKLL,0.9999937
AIGKFLHSAKKFGKAFVGEIMNS,0.99415994
KRFKQDGGWSHWSPWSSC,0.93091756
FLPIALKALGSIFPKIL,0.9975775
TESYFVFSVGM,0.99856275
CLGIGSCNDFAGCGYAVVCFW,0.10527293
GMWSKILGHLIK,0.99978834
GFGALFKFLAKKVAKTVAKQAAKQGAKYVVNKQME,0.9996941
GMWSKILGHLKR,0.9987588
FKCRRWQWRMKKLGAPSITCVR,0.9073348
KWKLFKKIGIGAFLHLAKKF,0.99964964
CGESCVWIPCISAAIGCSCKNKVCYRAIP,0.9897738
KWKSFAKTFKSAKKTVAHTALKAISS,0.99769634
KSCCPNTTGRNIYNTCRFGGGSREVCARISGCKIISASTCPSDYPK,0.990153
GKFMSLLKHILK,0.9999875
FAKKLKKLAKKL,0.99999857
FAKLLAKLAKKSL,0.99999774
FLPIIAKVLSGLL,0.99974257
ITCPQVTQSLAPCVPYLISG,0.013470886
FAKLLAKLAKKIL,0.99999416
FAKKLAKKLAKAAL,0.9999926
FAKLLAKLAKKAA,0.99999845
FLGWLFKWASK,0.9954007
GIGAVLKVLTTGLPALISWIKRKRQQ,0.7039297
FNRGGYNFGKSVRHVVDAIGSVAGILKSIR,0.80714226
GVPCGESCVFIPCITGVIGCSCSSNVCYLN,0.38429257
FFPVIGRILNGIL,0.7882201
KMWSKILGHLIR,0.99962413
FALALKALKKLKKALKKAL,0.9999968
FLGALFKALSKLL,0.9999629
FFPNVASVPGQVLLKKIFCAISKKC,0.5158178
GEYCGESCYLIPCFTPGCYCVSRQCVNKN,0.02477354
FLSLIPHIVSGVAALAKHL,0.9301138
SQETFSDLWKLLPEN,0.028513506
WHSDMEWWYLLG,0.9999498
FAEPLPSEEEGESYSKEPPEMEKRYGGFM,0.95075774
PAWRKAFRWAARMLKKAA,0.99996924
VNWKKILGKIIKVAK,0.9999422
GLFDIVKKIAGHIASSI,0.99948835
WFKKIPKFLHLLKKF,0.99996436
GIIKKIIKKIIKKI,0.9987532
KWKSFLKTFKSLKKTVLHTALKAISS,0.998524
FAKKLAKALL,0.99999833
FLGWLFKWAKK,0.9957885
ACYCRIPACLAGERRYGTCFYRRRVWAFCC,0.97930455
FALAKALKKAL,0.9999224
GKWKKILGKLIR,0.9999287
LALMLPGC,0.982864
FALALKALKKA,0.99999654
FLKLLKKLAAKLF,0.99999416
DILTFEHYWAQLTS,0.99742967
VAKFLAKFLKKAL,0.9999944
FRGLAKLLKIGLKSFARVLKKVLPKAAKAGKALAKSMADENAIRQQNQ,0.8964485
VNWKKVLGKVVKVVK,0.9951721
MWKWFHNVLSWWWLLADKRPARDYNRK,0.98409986
GSEGPLKPGARIFSFDGKDVLRHPT,0.96392727
LLGMIPLAISAISALSKL,0.88336796
FLPVIAGVAAKFLPKIFCAITKKC,0.87508446
ILGPVISTIGGVLGGLLKNL,0.010923151
FWGALAKGALKLIPSLFSSFSKKD,0.86365604
GIGVLLSAGKAALKGLAKVLAEKYAN,0.7906301
LGFWGLPH,0.54116386
RRRRRRRRGNLWAAQRYGRELRRMSDEFVDSFKK,0.018271675
LVRGCWTKSYPPKPCFVR,0.19434233
GLFKVIKKVASVIGGL,0.99813074
FLSHIAGFLSNLF,0.99120003
FLGAIAAALPHVINAVTNAL,0.99807894
FALALKALKKAL,0.9999975
FAKKLAKKAKLAKKL,0.99999607
CSCRTSSCRFGERLSGACRLNGRIYRLCC,0.9876616
FAKKLAKKLL,0.99999464
GLLGLLGSVVSHVVPAIVGHF,0.984861
FVDLKKIANIINSIFKK,0.9996556
FLIGMTHGLICLISRKC,0.9763515
KAAKKAAKAAKKAAKAAKKAA,0.99999297
GLPVCGETCFGGTCNTPGCACDPWPVCTRD,0.9926354
GLFDIVKKVVGTLAGL,0.9892078
GRRKRKWLRRIGKGVKIIGGAALDHL,0.99266833
KLAKLAKKLAKLAK,0.99998176
PNEVNRLAHLRLH,0.9927537
GLFGVLGSIAKHVLPHVVPVIAEK,0.96896523
GLPICGETCVGGSCNTPGCSCSWPVCTRN,0.9284388
PDEDAINNALNKVCSTGRRQRSICKQLLKK,0.4200514
GLFKVLGSVAKHLLPHVVPVIAEK,0.9209469
GLFDIIKKVASVIGGL,0.99707186
KAAKKWAKAAKKAAKAWKKAA,0.99936837
GSLCGDTCFVLGCNDSSCSCNYPICVKD,0.73005664
KWKLF,0.8991872
YKQCHKKGGHCFPKEKICLPPSSDFGKMDCRWRWKCCKKGSG,0.10516309
GLPTCGETCFGGTCNTPGCTCDPWPVCTHN,0.99505496
AIPCGESCVWIPCISTVIGCSCSNKVCYR,0.8420062
FLSLALAALPKFLCLVFKKC,0.9499392
PAWRKARRWAWRMKKLAA,0.99825007
FLPGLIAGIAKML,0.99962366
KAKLAKKALAKLL,0.99999297
GGLRSLGRKILRAWKKYGPIIVPIIRIG,0.8590686
PRFWEYWLALME,0.99995935
FLPVIAGLLSKLF,0.9363838
GLFDVIKAVASVIGGL,0.9980876
FFGSVLKVAAKVLPAALCQIFKKC,0.9856516
FAKLLAKLAKKAL,0.9999981
FLKLLKKLAAKFLPTIICKISYKC,0.8930809
YCAYYSPRHKTTF,0.30129302
HHPHGHHPHGHHPHGHHPHG,0.9999467
GACFSIAHECGA,0.9997638
VRRFPWWWPFLRR,0.19027254
FLPILINLIHKGLL,0.93836397
FLSIIAKVLGSLF,0.60787374
FFSASCVPGADKGQFPNLCRLCAGTGENKCA,0.93664587
FIHHIIGGLFSAGKAIHRLIRRRRR,0.6169287
PPKSQ,0.9881613
KKKFPWWWPFKKKCKKKFPWWWPFKKKC,0.9998454
VAKKFAKKFKKFAKKFAKFAFAF,0.99919516
GLLSVLGSVVKHVIPHVVPVIAEHL,0.60910803
FGKGIGKVGKKLL,0.95487344
AWKLFDDGV,0.7622563
PEWFKCRRWQWRMKKLGA,0.87372416
YERDPRQQYEQCQRRCESEATEEREQEQCEQRCEREYKEQQRQQEEE,0.026286542
FALALKALKK,0.9999958
GLFDVIAKVASVIKKL,0.9998574
CAHNLTHAC,0.6462953
GIGKFLKKAKKGIGAVLKVLTTGL,0.017953543
ATCKAECPTWDSVCINKKPCVACCKKAKFSDGHCSKILRRCLCTKEC,0.8725923
PAWRKAARWAWRMLKKAA,0.9993166
GIGTKILGGVKTALKGALKELASTYAN,0.9111866
CIKNGNGCQPNGSQNGCCSGYCHKQPGWVAGYCRRK,0.03863301
FALALKALKKALKKLKKALKKAL,0.99999714
FLSLLPSIVSGAVSLAKKL,0.76391953
ACYCRIGACVSGERLTGACGLNGRIYRLCCR,0.97449976
ATCDLLSMWNVNHSACAAHCLLLGKSGGRCNDDAVCVCRK,0.9730934
FLPVIAGVAANFLPKLFCAISKKC,0.42341605
GFLDTFKNLALNAAKSAGVSVLNSLSCKLFKTC,0.047369298
QSHLSLCRWCCNCCRSNKGC,0.01693543
ALWKNMLKGIGKLAGKAALGAVKKLVGAES,0.9869443
KWKLFKKIGIGKFLHLAKKF,0.9996049
FDIVKKIAGHIAGSI,0.9989366
CSTNTFSLSDYWGNKGNWCTATHECMSWCK,0.9902344
KSCCKNTTGRNIYNTCRFAGGSRERCAKLSGCKIISASTCPSYPDK,0.9879358
FFHHIFRGIVHVGKTIHRLVTG,0.9992624
AISYGNGVYCNKEKCWVNKAENKQAITGIVIGGWASSLAGMGH,0.8085238
ETCASRCPRPCNAGLCCSIYGYCGSGAAYCGAGNCRCQCRG,0.06394705
GFRDVLKGAAKAFVKTVAGHIANI,0.042949654
LGGIVSAVKKIVDFLG,0.9909924
GIIKKIIIKKIIIKKIIIKKI,0.9995034
GIGKFLHSAKKFAKAFVAEIMNS,0.99084395
FALA,0.9999926
KNWKKILKKIIKVVK,0.9999496
KILRGVCKKIMRTFLRRISKDILTGKK,0.998676
SPLGYGFAVRNSG,0.74017346
GLFGKLIKKFARKAISYAVKKARGKH,0.9912142
ANTAFVSSAHNTQKIPAGAPFNRNLRAMLADLRQNAAFAG,0.33380014
PDEDAINDALNKVCSTGRRQRSICKQLLKK,0.78322643
FAFGKGIGKVGKKLL,0.9876358
FAKKLLAKALKL,0.99999714
CHANLTHAC,0.9988601
FKSWSFCTPGCAKTGSFNSYCC,0.5234801
FKRLAKIKVLRLAKIKR,0.9695161
FLPLILRKIVTAL,0.9934869
ATCDLLSAFGVGHAACAAHCIGHGYRGGYCNSKAVCTCRR,0.96613574
LLKELWTKIKGAGKAVLGKIKGLL,0.3386843
DWTFANWSCLVCDDCSVNLTV,0.46002516
GIPCGESCVWIPCISAALGCSCKNKVCYRN,0.6676644
GLIGSIGKALGGLLVDVLKPKL,0.015604283
VLPLISMALGKLL,0.4507676
FISAIASMLGKFL,0.99984765
SAISCGETCFKFKCYTPRCSCSYPVCK,0.036780804
INWKKIASIGKEVLK,0.016004834
DSHAKRHHGYKRKFHEKHHSHRGY,0.49817887
IFGSLFSLGSKLLPTVFKLFSRKKQ,0.8590014
MNNTIKDFDLDLKTNKKDTATPYVGSRYLCTPGSCWKLVCFTTTVK,0.024715776
CLGVGSCNDFAGCGYAIVCFW,0.038447045
GVLGTVKDLLIGAGKSAAQSTLKTLSCKISNDC,0.01053326
EKYTEVPEYI,0.08034898
VKCAVKDTYSCFIVRGKCRHECHDFEKPIGFCTKLNANCYM,0.012331872
APKGVQGPNG,0.51998514
PAQPFRIKKRQGPFERP,0.772937
GTVPCGESCVFIPCITGIAGCSCKNKVCYIN,0.7732116
RCVCTRGFCRCVCTRGFC,0.014095638
AQCGAQGGGATCPGGLCCSQWGWCGSTPKYCGAGCQSNCR,0.9749086
GLMSTLKDFGKTAAKEIAQSLLSTASCKLAKTC,0.01351716
GLWNSIKIAGKKLFVNVLDKIRCKVAGGC,0.03729011
KTCENLSGTFKGPCIPDGNCNKHCRNNEHLLSGRCRDDFRCWCTNRC,0.026010692
GLFTKFAGKGIKDLIFKGVKHIGKEVGMDVIRVGIDVAGCKIKGVC,0.027931556
GFLGPLLKLGLKGAAKLLPQLLPSRQQ,0.9799596
KNLRRIIRKGIHIIKKYG,0.017566932
ATCDLLSGFGVGDSACAAHCIARGNRGGYCNSKKVCVCRN,0.8394847
RWKFFKKIEKVGQNIRDGIIKAGPAVAVVGQAASIT,0.029393636
SLNVMRKGIRKQPVSSGKRGGVNDYDM,0.018732954
RLCPRVRIRVCR,0.7064103
SVFAFENEQSSTIAPARLYK,0.029806485
LLKKLLKWLKK,0.20041068
AVNIPFKVHFRCKAAFC,0.10217275
GRSKKLGKKIEKAGKRVFNAAQKGLPVAAGVQAL,0.023562383
SIGFDGLNDPDIVAR,0.21118355
CAETCVVLPCFIVPGCSCKSSVCYFN,0.97023463
GVGDIFRKIVSTIKNVV,0.017025739
GIPCAESCVWIPCTVTALLGCSCSNNVCYN,0.774616
GLLDSLKNLAINAAKGAGQSVLNTLSCKLSKTC,0.011092437
CLGIGSCNNFAGCGYAVVCFW,0.15373425
GLLDTLKNMAINAAKGAGQSVLNTLSCKLSKTC,0.011348856
ILSAIWSGIKSLF,0.015229431
YAFGYPS,0.9859271
VTCFCRRRGCASRERLIGYCRFGNTIYGLCCRR,0.012395502
RRCICTTRTCRFPYRRLGTCLFQNRVYTFCC,0.059684478
LRDLVCYCRTRGCKRREHMNGTCRKGHLMYTLCCR,0.019105822
KCWNLRGSCREKCIKNEKLYIFCTSGKLCCLKPKFQPNMLQR,0.03503994
HFLGTLVNLAKKIL,0.021890128
DKLIGSCVWGAVNYTSNCNAECKRRGYKGGHCGSFANVNCWCER,0.39994386
WNPFKELERAGQRVRDAVISAAAVATVGQAAAIARGG,0.014049339
GKNGVFKTISHECHLNTWAFLATCCS,0.8836869
YCNRRTGKCQRM,0.65883434
LE,0.9814269
GLFPKFNKKKVKTGIFDIIKTVGKEAGMDVLRTGIDVIGCKIKGEC,0.035066605
VFIDILDKMENAIHKAAQAGIGIAKPIEKMILPK,0.06853954
GLWDSIKNFGKTIALNVMDKIKCKIGGGCPP,0.055675056
FLPILASLAAKLGPKLFCLVTKKC,0.98479754
FFPIVGKLLFGLSGLL,0.16776259
RDWERREFERRQNELRREQEQRREELL,0.9916672
GLLDTLKNMAINAAKDAGVSVLNTLSCKLSKTC,0.012234901
HRHQGPIFDTRPSPFNPNQPRPGPIY,0.6414297
MWGRILAFVAKYGTKAVQWAWKNKWFLLSLGEAVFDYIRSIWGG,0.016942801
ILGPVLGLVGNALGGLIKKI,0.027532702
GCLEFWWKCNPNDDKCCRPKLKCSKLFKLCNFSF,0.4898415
QLGDVLQKAGEKIVRGLKNIGQRIKDFFGKLTPRTES,0.014983659
ASGWVCTLTIECGTLVCAC,0.49052978
LIKIVPAMICAVTKKC,0.23526897
LLEL,0.1759107
GIPCGESCVFIPCITSVAGCSCKSKVCYRN,0.6160388
LLKWLKKWLKK,0.30904993
KYYGNGVHCGKKTCYVDWGQATASIGKIIVNGWTQHGPWAHR,0.011152918
VFQFLGRIIHHVGNFVHGFSHVF,0.39723995
RRSRKNGIGYAIGYAFGAVERAVLGGSRDYNK,0.012799554
GLLDAIKDTAQNLFANVLDKIKCKFTKC,0.027023654
GLGSFLKNAIKIAGKVGSTIGKVADAIGNKE,0.03150344
KTCEHLADTYRGVCFTNASCDDHCKNKAHLISGTCHNWKCFCTQNC,0.043626495
FLGGLIKIVPAMICAVTKK,0.98619175
VCSCRLVFCRRTELRVGNCLIGGVSFTYCCTRVD,0.39405462
GTACGESCYVLPCFTVGCTCTSSQCFKN,0.6885024
GKKLFVNVLDKIRCKVAGGC,0.6912088
GIFSLIKGAAKLITKTVAKEAGKTGLELMACKVTNQC,0.038041186
VIPFVASVAAEMMPHVYCAASRKC,0.014989227
RYCERSSGTWSGVCGNTDKCSSQCQRLEGAAHGSCNYVFPAHKCICYYPC,0.05404697
GLLLDTLKGAAKDIAGIALEKLKCKITGCKP,0.10522329
ILKKWPWWPWRRK,0.42374888
RIITCSCRTFCFLGERISGRCYQSVFIYRLCCRG,0.34414396
INWKKIASIGKEVL,0.015196905
GLLSRLRDFLSDRGRRLGEKIERIGQKIKDLSEFFQS,0.7244958
KSYGNGVQCNKKKCWVDWGSAISTIGNNSAANWATGGAAGWKS,0.013800834
GLFGRLRDSLQRGGQKILEKAERIWCKIKDIFRG,0.2414393
KWKLFKKIGIGAVLKVLT,0.9995596
LDEPNMDTISKSREYKCKIDLDCSNHIACRHCSYRNCKCDHGTCKCMP,0.02243572
KTCENLADTFRGPCFATSNCDDHCKNKEHLLSGRCRDDFRCWCTRNC,0.023676308
ADDKNPLEEAFREADYEVFLEIAKNGL,0.45814875
QFTNVSCTTSKECWSVCQRLHNTSRGKCMNKKCRCYS,0.8872646
GVLDAFRKIATVVKNVV,0.018086683
FDIIKKVASVVG,0.9938784
KWKWKW,0.04736275
RFIPPILRPPVRPPFRPPFRPPFRPPPIIRFFGG,0.11991214
KQQLATEAESAGPIL,0.7021482
EFKRCWKGQGACRTYCTRQETYMHLCPDASLCCLSYALKPPPVPKHEYE,0.029902624
KGRGKQGGKVRAKAKTRSS,0.04800951
FFPIVGKLLSGLF,0.14085831
DKLIGSCVWGAVNYTSNCRAECKRRGYKGGHCGSFLNVNCWCET,0.24543945
EQCGRQAGGATCPNNLCCSQYGY,0.64547575
KWKLFKKIEKVGQGIGAVLKVLTTGL,0.22558188
KIKWFKTMKSLAKFLAKEQMKKHLGE,0.9951003
ATCRKPSMYFSGACFSDTNCQKACNREDWPNGKCLVGFKCECQRPC,0.9786728
GILDIAKKLVGGIRNVLGI,0.030897206
WYVKKCLNDVGICKKKCKPEEMHVKNGWAMCGKGRDCCVPAD,0.013128374
LLPILGNLLNGLL,0.539584
AGIGKIGDFIKKAIAKYKN,0.23804617
GLFSKFSGKGIKNFLIKGVKHIGKEVGMDVIRTGIDVAGCKIKGEC,0.020251043
RFPWWWPFLR,0.8580806
SYVGDCGSNGGSCVSSYCPYGNRLNYFCPLGRTCCRHAYV,0.047734246
GLFSKFAGKGIKNLIFKGVKHIGKEVGMDVIRTGIDVAGCKIKGEC,0.013621213
RCYTNDDCKDGQPCPVPLACLFGSCICPWKSQSKLPICQIICANLD,0.9491819
ENCGRQAG,0.08942347
LDSLSFSYNNFEEDD,0.03261096
AVKDTYSCFIMRGKCRHECHDFEKPIGFCTKLNANCYM,0.04234025
ANLDAIIKIQAWARMWAARRQYL,0.17192598
KFFRKLKKSVKKRAKEFFKKPRVIGVSIPF,0.9519703
GSVFNCGETCVLGTCYTPGCTCNTYRVCTKD,0.054044504
KLLKKLLKWLK,0.6846744
FLPIIAGMAAKVICAITKKC,0.8135531
GGLRSLGRKILRAWKKYG,0.9618477
SLGSFMKGVGKGLATVGKIVADQFGKLLEA,0.024987893
INWLKLGKKMMSAI,0.014219506
MKVFFLFAVLFCLVRRNSVHISHQEARGP,0.22002149
KAGLAFPVGRVHRLLRK,0.26085943
FTIAEPYIHPCMKGFCSFKSECANKCIFMGHHKGGDCIGGLDGIYCCCLA,0.032894112
WFRKQLKW,0.056817785
LLSLVPHAINAVSAIAKHF,0.092007466
YSRCQLQGFNCVVRSYGLPTIPCCRGLTCRSYFPGSTYGRCQRF,0.29802558
FLPLLLSALPSFLCLVFKKC,0.34508887
GVLDAFRKIATVVKNLV,0.017246002
IFGSLFSLGSKLLPSVFKLFSRKKQ,0.8864637
GRFRRLRKKTRKRLKKIGKVLKWIPPIVGSIPLGC,0.70484596
RRWFWR,0.11529088
GLPCGESCVFIPCITTVVGCSCKNKVCYND,0.22573702
DYDWSLRGPPKCATYGQKCRTWSPPNCCWNLRCKAFRCRPR,0.98179847
GVFTLIKGATQLIGKTLGKEVGKTGLELMACKITKQC,0.014675718
EKCLRWQWRMRKYGG,0.034211278
ACYCRIPACLAGERRYGTCFYLGRVWAFCC,0.9816596
QCMQLETSGQMRRCVSQCDKRFEEDIDWSKYDNQE,0.01684974
GPIQISYNYNYGPCGRYCGILGVSPGDNLDCGNQR,0.01358197
GLLSGVLGVGKKIVCGLSGLC,0.011692723
SPKKTKPVKPKKVA,0.041524153
GLWSKIKEAAKTAGLMAMGFVNDMV,0.35316452
SGKRWWRRKK,0.020512467
QQCGRQASGRLCGNRLCCSQWGYCGSTASYCGAGCQSQCRS,0.02735144
GNPKVAHCASQIGRSTAWGAVSGA,0.3966388
RWKRWWRRKK,0.024749443
SIGSALKKALPVAKKIGKIALPIAKAALP,0.016917333
SISCGETCTTFNCWIPNCKCNHHDKVCYWN,0.42701787
GGLKKLGKKLEGVGKRVFKASEKALPVLTGYKAIG,0.059219133
GYGCPFNQYQCHSHCSGIRGYKGGYCKGTFKQTCKCY,0.08753151
DKLIGSCVWGAVNYTRNCNAECKRRGYKGGHCGSFANVNCWCET,0.34001255
GLFLDTLKGLAGKLLQGLKCIKAGCKP,0.48266917
YSKSLPLSVLNP,0.40246436
GLPVCGETCTLGKCYTAGCSCSWPVCYRN,0.8420209
MSKLVQAISDAVQAQQNQDWAKLGTSIVGIVENGVGILGKLFGF,0.018210731
QVFTLIKGATQLIRKTLGEQ,0.012850433
SGKLWWRRKK,0.017466772
WKSESLCTPGCVTGALQTCFLQTLTCNCKISK,0.010337827
FLGALWNVAKSVF,0.059690576
SLSRFLSFLKIVYPPAF,0.1691517
FIMDLLGKIF,0.99971277
KIPCGESCVWIPCVTSIFNCKCKENKVCYHD,0.032483757
DKLIGSCVWLAVNYTSNCNAECKRRGYKGGHCGSFLNVNCWCET,0.41577214
FLPILGKLLSGLL,0.97311676
SVPTSVYTLGIKILWSAYKHRKTIEKSFNKGFYH,0.014907016
